Workbook

Sheet Summary
A1: Silver Creek Campers - summary
A2: SIMULATED DATA - fictional companies and quotes for a teaching demo. Currency: AUD.
A4: Metric | B4: Value
A5: Company | B5: Silver Creek Campers
A6: Quotes checked | B6: =COUNTA('Price Checks'!A5:A28) -> 24
A7: Comparable quotes | B7: =COUNT('Price Checks'!G5:G28) -> 22
A8: Equal | B8: =COUNTIF('Price Checks'!I5:I28,"EQUAL") -> 8
A9: Broker lower | B9: =COUNTIF('Price Checks'!I5:I28,"BROKER LOWER") -> 6
A10: Broker higher | B10: =COUNTIF('Price Checks'!I5:I28,"BROKER HIGHER") -> 8
A11: Review | B11: =COUNTIF('Price Checks'!I5:I28,"REVIEW") -> 2
A12: Average gap (A$) | B12: =IFERROR(AVERAGE('Price Checks'!G5:G28),0) -> 24.477273
A13: Largest absolute gap (A$) | B13: =MAX(MAX('Price Checks'!G5:G28),-MIN('Price Checks'!G5:G28)) -> 120.75
A14: Available broker total (A$) | B14: =SUM('Price Checks'!E5:E28) -> 49782.9
A15: Supplier total (A$) | B15: =SUM('Price Checks'!F5:F28) -> 54145.8
A16: Currency | B16: AUD
A17: Data source | B17: Invented for this demo

Sheet Price Checks
A1: Silver Creek Campers - price checks
A2: SIMULATED DATA - fictional companies and quotes for a teaching demo. Currency: AUD.
A4: Company | B4: Route | C4: Search settings | D4: Rental dates | E4: Demo broker price | F4: Supplier price | G4: Gap (A$) | H4: Other broker price | I4: Result | J4: Remarks / Notes | K4: Follow-up
A5: Silver Creek Campers | B5: Sydney to Sydney | C5: Campervan | Basic | <35 days | D5: 2026-11-08 to 2026-11-15 | E5: 1667.5 | F5: 1667.5 | G5: =IF(AND(ISNUMBER(E5),ISNUMBER(F5)),ROUND(E5-F5,2),"") -> 0 | H5: 1692.5 | I5: =IF(AND(ISNUMBER(E5),ISNUMBER(F5)),IF(G5=0,"EQUAL",IF(G5>0,"BROKER HIGHER","BROKER LOWER")),"REVIEW") -> EQUAL | J5: Dummy quote; compare cover | K5: No action
A6: Silver Creek Campers | B6: Sydney to Sydney | C6: Campervan | Standard | <35 days | D6: 2026-11-08 to 2026-11-15 | E6: 1801.95 | F6: 1801.95 | G6: =IF(AND(ISNUMBER(E6),ISNUMBER(F6)),ROUND(E6-F6,2),"") -> 0 | H6: 1840.45 | I6: =IF(AND(ISNUMBER(E6),ISNUMBER(F6)),IF(G6=0,"EQUAL",IF(G6>0,"BROKER HIGHER","BROKER LOWER")),"REVIEW") -> EQUAL | J6: Dummy quote; compare cover | K6: No action
A7: Silver Creek Campers | B7: Sydney to Sydney | C7: Campervan | Premium | <35 days | D7: 2026-11-08 to 2026-11-15 | E7: 1893.9 | F7: 1936.4 | G7: =IF(AND(ISNUMBER(E7),ISNUMBER(F7)),ROUND(E7-F7,2),"") -> -42.5 | H7: 1988.4 | I7: =IF(AND(ISNUMBER(E7),ISNUMBER(F7)),IF(G7=0,"EQUAL",IF(G7>0,"BROKER HIGHER","BROKER LOWER")),"REVIEW") -> BROKER LOWER | J7: Dummy quote; compare cover | K7: No action
A8: Silver Creek Campers | B8: Sydney to Sydney | C8: Motorhome | Basic | <35 days | D8: 2026-11-08 to 2026-11-15 | E8: 1862.25 | F8: 1797.25 | G8: =IF(AND(ISNUMBER(E8),ISNUMBER(F8)),ROUND(E8-F8,2),"") -> 65 | H8: 1862.75 | I8: =IF(AND(ISNUMBER(E8),ISNUMBER(F8)),IF(G8=0,"EQUAL",IF(G8>0,"BROKER HIGHER","BROKER LOWER")),"REVIEW") -> BROKER HIGHER | J8: Dummy quote; compare cover | K8: Check cover cost
A9: Silver Creek Campers | B9: Sydney to Sydney | C9: Motorhome | Standard | <35 days | D9: 2026-11-08 to 2026-11-15 | E9: 1914.45 | F9: 1931.7 | G9: =IF(AND(ISNUMBER(E9),ISNUMBER(F9)),ROUND(E9-F9,2),"") -> -17.25 | H9: 1956.7 | I9: =IF(AND(ISNUMBER(E9),ISNUMBER(F9)),IF(G9=0,"EQUAL",IF(G9>0,"BROKER HIGHER","BROKER LOWER")),"REVIEW") -> BROKER LOWER | J9: Dummy quote; compare cover | K9: No action
A10: Silver Creek Campers | B10: Sydney to Sydney | C10: Motorhome | Premium | <35 days | D10: 2026-11-08 to 2026-11-15 | E10: 2186.9 | F10: 2066.15 | G10: =IF(AND(ISNUMBER(E10),ISNUMBER(F10)),ROUND(E10-F10,2),"") -> 120.75 | H10: 2104.65 | I10: =IF(AND(ISNUMBER(E10),ISNUMBER(F10)),IF(G10=0,"EQUAL",IF(G10>0,"BROKER HIGHER","BROKER LOWER")),"REVIEW") -> BROKER HIGHER | J10: Dummy quote; compare cover | K10: Check cover cost
A11: Silver Creek Campers | B11: Sydney to Melbourne | C11: Campervan | Basic | <35 days | D11: 2026-11-22 to 2026-11-29 | E11: 1927 | F11: 1927 | G11: =IF(AND(ISNUMBER(E11),ISNUMBER(F11)),ROUND(E11-F11,2),"") -> 0 | H11: 1979 | I11: =IF(AND(ISNUMBER(E11),ISNUMBER(F11)),IF(G11=0,"EQUAL",IF(G11>0,"BROKER HIGHER","BROKER LOWER")),"REVIEW") -> EQUAL | J11: Dummy quote; compare cover | K11: No action
A12: Silver Creek Campers | B12: Sydney to Melbourne | C12: Campervan | Standard | <35 days | D12: 2026-11-22 to 2026-11-29 | E12: 2061.45 | F12: 2061.45 | G12: =IF(AND(ISNUMBER(E12),ISNUMBER(F12)),ROUND(E12-F12,2),"") -> 0 | H12: 2126.95 | I12: =IF(AND(ISNUMBER(E12),ISNUMBER(F12)),IF(G12=0,"EQUAL",IF(G12>0,"BROKER HIGHER","BROKER LOWER")),"REVIEW") -> EQUAL | J12: Dummy quote; compare cover | K12: No action
A13: Silver Creek Campers | B13: Sydney to Melbourne | C13: Campervan | Premium | <35 days | D13: 2026-11-22 to 2026-11-29 | E13: 2153.4 | F13: 2195.9 | G13: =IF(AND(ISNUMBER(E13),ISNUMBER(F13)),ROUND(E13-F13,2),"") -> -42.5 | H13: 2220.9 | I13: =IF(AND(ISNUMBER(E13),ISNUMBER(F13)),IF(G13=0,"EQUAL",IF(G13>0,"BROKER HIGHER","BROKER LOWER")),"REVIEW") -> BROKER LOWER | J13: Dummy quote; compare cover | K13: No action
A14: Silver Creek Campers | B14: Sydney to Melbourne | C14: Motorhome | Basic | <35 days | D14: 2026-11-22 to 2026-11-29 | E14: 2121.75 | F14: 2056.75 | G14: =IF(AND(ISNUMBER(E14),ISNUMBER(F14)),ROUND(E14-F14,2),"") -> 65 | H14: 2095.25 | I14: =IF(AND(ISNUMBER(E14),ISNUMBER(F14)),IF(G14=0,"EQUAL",IF(G14>0,"BROKER HIGHER","BROKER LOWER")),"REVIEW") -> BROKER HIGHER | J14: Dummy quote; compare cover | K14: Check cover cost
A15: Silver Creek Campers | B15: Sydney to Melbourne | C15: Motorhome | Standard | <35 days | D15: 2026-11-22 to 2026-11-29 | E15: Unavailable | F15: 2191.2 | G15: =IF(AND(ISNUMBER(E15),ISNUMBER(F15)),ROUND(E15-F15,2),"") | H15: 2243.2 | I15: =IF(AND(ISNUMBER(E15),ISNUMBER(F15)),IF(G15=0,"EQUAL",IF(G15>0,"BROKER HIGHER","BROKER LOWER")),"REVIEW") -> REVIEW | J15: Simulated quote unavailable | K15: Request sample quote
A16: Silver Creek Campers | B16: Sydney to Melbourne | C16: Motorhome | Premium | <35 days | D16: 2026-11-22 to 2026-11-29 | E16: 2446.4 | F16: 2325.65 | G16: =IF(AND(ISNUMBER(E16),ISNUMBER(F16)),ROUND(E16-F16,2),"") -> 120.75 | H16: 2391.15 | I16: =IF(AND(ISNUMBER(E16),ISNUMBER(F16)),IF(G16=0,"EQUAL",IF(G16>0,"BROKER HIGHER","BROKER LOWER")),"REVIEW") -> BROKER HIGHER | J16: Dummy quote; compare cover | K16: Check cover cost
A17: Silver Creek Campers | B17: Brisbane to Cairns | C17: Campervan | Basic | >35 days | D17: 2026-12-06 to 2026-12-13 | E17: 2186.5 | F17: 2186.5 | G17: =IF(AND(ISNUMBER(E17),ISNUMBER(F17)),ROUND(E17-F17,2),"") -> 0 | H17: 2211.5 | I17: =IF(AND(ISNUMBER(E17),ISNUMBER(F17)),IF(G17=0,"EQUAL",IF(G17>0,"BROKER HIGHER","BROKER LOWER")),"REVIEW") -> EQUAL | J17: Dummy quote; compare cover | K17: No action
A18: Silver Creek Campers | B18: Brisbane to Cairns | C18: Campervan | Standard | >35 days | D18: 2026-12-06 to 2026-12-13 | E18: 2320.95 | F18: 2320.95 | G18: =IF(AND(ISNUMBER(E18),ISNUMBER(F18)),ROUND(E18-F18,2),"") -> 0 | H18: 2359.45 | I18: =IF(AND(ISNUMBER(E18),ISNUMBER(F18)),IF(G18=0,"EQUAL",IF(G18>0,"BROKER HIGHER","BROKER LOWER")),"REVIEW") -> EQUAL | J18: Dummy quote; compare cover | K18: No action
A19: Silver Creek Campers | B19: Brisbane to Cairns | C19: Campervan | Premium | >35 days | D19: 2026-12-06 to 2026-12-13 | E19: 2412.9 | F19: 2455.4 | G19: =IF(AND(ISNUMBER(E19),ISNUMBER(F19)),ROUND(E19-F19,2),"") -> -42.5 | H19: 2507.4 | I19: =IF(AND(ISNUMBER(E19),ISNUMBER(F19)),IF(G19=0,"EQUAL",IF(G19>0,"BROKER HIGHER","BROKER LOWER")),"REVIEW") -> BROKER LOWER | J19: Dummy quote; compare cover | K19: No action
A20: Silver Creek Campers | B20: Brisbane to Cairns | C20: Motorhome | Basic | >35 days | D20: 2026-12-06 to 2026-12-13 | E20: 2381.25 | F20: 2316.25 | G20: =IF(AND(ISNUMBER(E20),ISNUMBER(F20)),ROUND(E20-F20,2),"") -> 65 | H20: 2381.75 | I20: =IF(AND(ISNUMBER(E20),ISNUMBER(F20)),IF(G20=0,"EQUAL",IF(G20>0,"BROKER HIGHER","BROKER LOWER")),"REVIEW") -> BROKER HIGHER | J20: Dummy quote; compare cover | K20: Check cover cost
A21: Silver Creek Campers | B21: Brisbane to Cairns | C21: Motorhome | Standard | >35 days | D21: 2026-12-06 to 2026-12-13 | E21: 2433.45 | F21: 2450.7 | G21: =IF(AND(ISNUMBER(E21),ISNUMBER(F21)),ROUND(E21-F21,2),"") -> -17.25 | H21: 2475.7 | I21: =IF(AND(ISNUMBER(E21),ISNUMBER(F21)),IF(G21=0,"EQUAL",IF(G21>0,"BROKER HIGHER","BROKER LOWER")),"REVIEW") -> BROKER LOWER | J21: Dummy quote; compare cover | K21: No action
A22: Silver Creek Campers | B22: Brisbane to Cairns | C22: Motorhome | Premium | >35 days | D22: 2026-12-06 to 2026-12-13 | E22: 2705.9 | F22: 2585.15 | G22: =IF(AND(ISNUMBER(E22),ISNUMBER(F22)),ROUND(E22-F22,2),"") -> 120.75 | H22: 2623.65 | I22: =IF(AND(ISNUMBER(E22),ISNUMBER(F22)),IF(G22=0,"EQUAL",IF(G22>0,"BROKER HIGHER","BROKER LOWER")),"REVIEW") -> BROKER HIGHER | J22: Dummy quote; compare cover | K22: Check cover cost
A23: Silver Creek Campers | B23: Perth to Perth | C23: Campervan | Basic | >35 days | D23: 2026-12-20 to 2026-12-27 | E23: 2446 | F23: 2446 | G23: =IF(AND(ISNUMBER(E23),ISNUMBER(F23)),ROUND(E23-F23,2),"") -> 0 | H23: 2498 | I23: =IF(AND(ISNUMBER(E23),ISNUMBER(F23)),IF(G23=0,"EQUAL",IF(G23>0,"BROKER HIGHER","BROKER LOWER")),"REVIEW") -> EQUAL | J23: Dummy quote; compare cover | K23: No action
A24: Silver Creek Campers | B24: Perth to Perth | C24: Campervan | Standard | >35 days | D24: 2026-12-20 to 2026-12-27 | E24: 2580.45 | F24: 2580.45 | G24: =IF(AND(ISNUMBER(E24),ISNUMBER(F24)),ROUND(E24-F24,2),"") -> 0 | H24: 2645.95 | I24: =IF(AND(ISNUMBER(E24),ISNUMBER(F24)),IF(G24=0,"EQUAL",IF(G24>0,"BROKER HIGHER","BROKER LOWER")),"REVIEW") -> EQUAL | J24: Dummy quote; compare cover | K24: No action
A25: Silver Creek Campers | B25: Perth to Perth | C25: Campervan | Premium | >35 days | D25: 2026-12-20 to 2026-12-27 | E25: 2672.4 | F25: 2714.9 | G25: =IF(AND(ISNUMBER(E25),ISNUMBER(F25)),ROUND(E25-F25,2),"") -> -42.5 | H25: 2739.9 | I25: =IF(AND(ISNUMBER(E25),ISNUMBER(F25)),IF(G25=0,"EQUAL",IF(G25>0,"BROKER HIGHER","BROKER LOWER")),"REVIEW") -> BROKER LOWER | J25: Dummy quote; compare cover | K25: No action
A26: Silver Creek Campers | B26: Perth to Perth | C26: Motorhome | Basic | >35 days | D26: 2026-12-20 to 2026-12-27 | E26: 2640.75 | F26: 2575.75 | G26: =IF(AND(ISNUMBER(E26),ISNUMBER(F26)),ROUND(E26-F26,2),"") -> 65 | H26: 2614.25 | I26: =IF(AND(ISNUMBER(E26),ISNUMBER(F26)),IF(G26=0,"EQUAL",IF(G26>0,"BROKER HIGHER","BROKER LOWER")),"REVIEW") -> BROKER HIGHER | J26: Dummy quote; compare cover | K26: Check cover cost
A27: Silver Creek Campers | B27: Perth to Perth | C27: Motorhome | Standard | >35 days | D27: 2026-12-20 to 2026-12-27 | E27: Unavailable | F27: 2710.2 | G27: =IF(AND(ISNUMBER(E27),ISNUMBER(F27)),ROUND(E27-F27,2),"") | H27: 2762.2 | I27: =IF(AND(ISNUMBER(E27),ISNUMBER(F27)),IF(G27=0,"EQUAL",IF(G27>0,"BROKER HIGHER","BROKER LOWER")),"REVIEW") -> REVIEW | J27: Simulated quote unavailable | K27: Request sample quote
A28: Silver Creek Campers | B28: Perth to Perth | C28: Motorhome | Premium | >35 days | D28: 2026-12-20 to 2026-12-27 | E28: 2965.4 | F28: 2844.65 | G28: =IF(AND(ISNUMBER(E28),ISNUMBER(F28)),ROUND(E28-F28,2),"") -> 120.75 | H28: 2910.15 | I28: =IF(AND(ISNUMBER(E28),ISNUMBER(F28)),IF(G28=0,"EQUAL",IF(G28>0,"BROKER HIGHER","BROKER LOWER")),"REVIEW") -> BROKER HIGHER | J28: Dummy quote; compare cover | K28: Check cover cost
